{"cameraMode":{"drawMode":0,"name":"Shaded","section":"Shading Mode"},"sceneLighting":true,"audioPlay":false,"sceneViewState":{"m_AlwaysRefresh":false,"showFog":true,"showSkybox":true,"showFlares":true,"showImageEffects":true,"showParticleSystems":true,"showVisualEffectGraphs":true,"m_FxEnabled":true},"in2DMode":false,"pivot":{"x":-36.687339782714847,"y":-30.820606231689454,"z":0.03336261212825775},"rotation":{"x":-0.24177563190460206,"y":0.6643922328948975,"z":-0.2417248636484146,"w":-0.6647201776504517},"size":29.99873924255371,"orthographic":false}