{"cameraMode":{"drawMode":0,"name":"Shaded","section":"Shading Mode"},"sceneLighting":true,"audioPlay":false,"sceneViewState":{"m_AlwaysRefresh":false,"showFog":true,"showSkybox":true,"showFlares":true,"showImageEffects":true,"showParticleSystems":true,"showVisualEffectGraphs":true,"m_FxEnabled":true},"in2DMode":false,"pivot":{"x":-59.950042724609378,"y":27.263715744018556,"z":84.48089599609375},"rotation":{"x":-0.12496955692768097,"y":-0.3020045757293701,"z":-0.04014714062213898,"w":0.9442421197891235},"size":60.668548583984378,"orthographic":false}